if you want to make money,
please buy,
definitely buy,
strong uptrend,
uptrend,
pump,
pumping soon,
pumping,
good buy,
strong buy,
good short term,
good long term,
gain,
a safe stock,
a good buy,
underpriced,
undervalued,
outperform,
up,
sky,
moon,
outerspace,
gain,
gaines,
confident,
rewarded,
prosperity,
progress,
progresses,
understatement,
approve,
it will go up,
it'll go up,
itll go up,
quick profits,
good buy,
definitely buy,
solid buy,
good investment,
great buy,
amazing,
good return,
excellent return,
solid investment,
could go up,
will go up,
might go up,
definitely go up,
best,
great,
do not sell,
dont sell,
don't sell,
bullish,
bull,
